Admin Level 0,Admin Level 1,Admin Level 2,Admin Level 3,Admin Level 4,
Haiti, Centre, Cerca La Source, Cerca La Source, Acajou Bruler 1
Haiti, Centre, Cerca La Source, Cerca La Source, Acajou Bruler 2
Haiti, Centre, Cerca La Source, Cerca La Source, La Mielle
Haiti, Centre, Cerca La Source, Thomasique, Lociane
Haiti, Centre, Cerca La Source, Thomasique, Matelgate
Haiti, Centre, Hinche, Cerca Carvajal, Rang
Haiti, Centre, Hinche, Hinche, Aguahedionde (Rive Droit)
Haiti, Centre, Hinche, Hinche, Aguahedionde (Rive Gauche)
Haiti, Centre, Hinche, Hinche, Juanaria
Haiti, Centre, Hinche, Hinche, Marmont
Haiti, Centre, Hinche, Maïssade, Hatty
Haiti, Centre, Hinche, Maïssade, Narang
Haiti, Centre, Hinche, Maïssade, Savane Grande
Haiti, Centre, Hinche, Thomonde, Baille Tourrible
Haiti, Centre, Hinche, Thomonde, Cabral
Haiti, Centre, Hinche, Thomonde, Tierra Muscady
Haiti, Centre, Lascahobas, Belladère, Renth Mathe
Haiti, Centre, Lascahobas, Belladère, Riaribes
Haiti, Centre, Lascahobas, Belladère, Roye sec
Haiti, Centre, Lascahobas, Lascahobas, Juampas
Haiti, Centre, Lascahobas, Lascahobas, La Hoye
Haiti, Centre, Lascahobas, Lascahobas, Petit Fond
Haiti, Centre, Lascahobas, Savanette, La Haye
Haiti, Centre, Lascahobas, Savanette, Savanette
Haiti, Centre, Mirebalais, Boucan-Carré, Boucan Carré
Haiti, Centre, Mirebalais, Boucan-Carré, Des Bayes
Haiti, Centre, Mirebalais, Boucan-Carré, Petite Montagne
Haiti, Centre, Mirebalais, Mirebalais, Crête Brûlée
Haiti, Centre, Mirebalais, Mirebalais, Gascogne
Haiti, Centre, Mirebalais, Mirebalais, Grand Boucan
Haiti, Centre, Mirebalais, Mirebalais, Sarazin
Haiti, Centre, Mirebalais, Saut-d'Eau, Coupe Mardi Gras
Haiti, Centre, Mirebalais, Saut-d'Eau, La Selle
Haiti, Centre, Mirebalais, Saut-d'Eau, Montagne Terrible
Haiti, Centre, Mirebalais, Saut-d'Eau, Rivière Canot
Haiti, Grand'Anse, Anse d'Hainault, Anse d'Hainault, Boudon
Haiti, Grand'Anse, Anse d'Hainault, Anse d'Hainault, Grandoit
Haiti, Grand'Anse, Anse d'Hainault, Anse d'Hainault, Ilet Pierre à Joseph
Haiti, Grand'Anse, Anse d'Hainault, Anse d'Hainault, Mandou
Haiti, Grand'Anse, Anse d'Hainault, Dame Marie, Baliverne
Haiti, Grand'Anse, Anse d'Hainault, Dame Marie, Bariadelle
Haiti, Grand'Anse, Anse d'Hainault, Dame Marie, Dallier
Haiti, Grand'Anse, Anse d'Hainault, Dame Marie, Désormeau
Haiti, Grand'Anse, Anse d'Hainault, Dame Marie, Petite Rivière
Haiti, Grand'Anse, Anse d'Hainault, Les Irois, Bélair
Haiti, Grand'Anse, Anse d'Hainault, Les Irois, Carcasse
Haiti, Grand'Anse, Anse d'Hainault, Les Irois, Matador
Haiti, Grand'Anse, Corail, Beaumont, Beaumont
Haiti, Grand'Anse, Corail, Corail, Champy
Haiti, Grand'Anse, Corail, Corail, Chardonette
Haiti, Grand'Anse, Corail, Corail, Duquillon
Haiti, Grand'Anse, Corail, Corail, Fonds d' Icaque
Haiti, Grand'Anse, Corail, Corail, Mouline
Haiti, Grand'Anse, Corail, Corail, Pestel
Haiti, Grand'Anse, Corail, Pestel, Bernagousse
Haiti, Grand'Anse, Corail, Pestel, Duchity
Haiti, Grand'Anse, Corail, Pestel, Espere
Haiti, Grand'Anse, Corail, Pestel, Jean Bellune
Haiti, Grand'Anse, Corail, Pestel, Tozia
Haiti, Grand'Anse, Corail, Roseaux, Carrefour Charles
Haiti, Grand'Anse, Corail, Roseaux, Fonds Cochon
Haiti, Grand'Anse, Corail, Roseaux, Grand Vincent
Haiti, Grand'Anse, Corail, Roseaux, Les Gomiers
Haiti, Grand'Anse, Jérémie, Abricots, Anse du Clerc
Haiti, Grand'Anse, Jérémie, Abricots, Balisiers
Haiti, Grand'Anse, Jérémie, Abricots, Danglise
Haiti, Grand'Anse, Jérémie, Abricots, La Seringue
Haiti, Grand'Anse, Jérémie, Bonbon, Désormeau
Haiti, Grand'Anse, Jérémie, Chambellan, Boucan
Haiti, Grand'Anse, Jérémie, Chambellan, Déjean
Haiti, Grand'Anse, Jérémie, Jérémie, Basse Guinaudée
Haiti, Grand'Anse, Jérémie, Jérémie, Basse Voldrogue
Haiti, Grand'Anse, Jérémie, Jérémie, Fonds Rouge Dahere
Haiti, Grand'Anse, Jérémie, Jérémie, Fonds Rouge Torberck
Haiti, Grand'Anse, Jérémie, Jérémie, Haute Guinaudée
Haiti, Grand'Anse, Jérémie, Jérémie, Haute Voldrogue
Haiti, Grand'Anse, Jérémie, Jérémie, Iles Blanches
Haiti, Grand'Anse, Jérémie, Jérémie, Marfranc
Haiti, Grand'Anse, Jérémie, Jérémie, Ravine à Charles
Haiti, Grand'Anse, Jérémie, Moron, Anotte
Haiti, Grand'Anse, Jérémie, Moron, L'Assive
Haiti, Grand'Anse, Jérémie, Moron, Sources Chaudes
Haiti, L'Artibonite, Dessalines, Desdunes, Desdunes
Haiti, L'Artibonite, Dessalines, Dessalines, Fiéfé
Haiti, L'Artibonite, Dessalines, Dessalines, Fossé Naboth
Haiti, L'Artibonite, Dessalines, Dessalines, La Croix
Haiti, L'Artibonite, Dessalines, Dessalines, Ogé
Haiti, L'Artibonite, Dessalines, Dessalines, Poste Pierrot
Haiti, L'Artibonite, Dessalines, Dessalines, Villars
Haiti, L'Artibonite, Dessalines, Grande Saline, Poteneau
Haiti, L'Artibonite, Dessalines, Petite Rivière de l'Artibonite, Bas Coursin
Haiti, L'Artibonite, Dessalines, Petite Rivière de l'Artibonite, Labady
Haiti, L'Artibonite, Dessalines, Petite Rivière de l'Artibonite, Médor
Haiti, L'Artibonite, Dessalines, Petite Rivière de l'Artibonite, Pérodin
Haiti, L'Artibonite, Dessalines, Petite Rivière de l'Artibonite, Savane à Roche
Haiti, L'Artibonite, Gros-Morne, Anse Rouge, L'Arbre
Haiti, L'Artibonite, Gros-Morne, Anse Rouge, Sources Chaudes
Haiti, L'Artibonite, Gros-Morne, Gros-Morne, Boucan Richard
Haiti, L'Artibonite, Gros-Morne, Gros-Morne, L'Acul
Haiti, L'Artibonite, Gros-Morne, Gros-Morne, Moulin
Haiti, L'Artibonite, Gros-Morne, Gros-Morne, Pendu
Haiti, L'Artibonite, Gros-Morne, Gros-Morne, Ravine Gros Morne
Haiti, L'Artibonite, Gros-Morne, Gros-Morne, Rivière Blanche
Haiti, L'Artibonite, Gros-Morne, Gros-Morne, Rivière Mancelle
Haiti, L'Artibonite, Gros-Morne, Gros-Morne, Savane Carrée
Haiti, L'Artibonite, Gros-Morne, Terre Neuve, Bois Neuf
Haiti, L'Artibonite, Gros-Morne, Terre Neuve, Doland
Haiti, L'Artibonite, Gros-Morne, Terre Neuve, Lagon
Haiti, L'Artibonite, les Gonaïves, Ennery, Chemin Neuf
Haiti, L'Artibonite, les Gonaïves, Ennery, Passe Reine
Haiti, L'Artibonite, les Gonaïves, Ennery, Puiloreau
Haiti, L'Artibonite, les Gonaïves, Ennery, Savane Carrée
Haiti, L'Artibonite, les Gonaïves, Gonaïves, Bassin
Haiti, L'Artibonite, les Gonaïves, Gonaïves, La Branle
Haiti, L'Artibonite, les Gonaïves, Gonaïves, Pont Tamarin
Haiti, L'Artibonite, les Gonaïves, Gonaïves, Poteaux
Haiti, L'Artibonite, les Gonaïves, Gonaïves, Rivière de Bayonnais
Haiti, L'Artibonite, les Gonaïves, L'Estère, Pont l'Estère
Haiti, L'Artibonite, Marmelade, Marmelade, Bassin ou Billier
Haiti, L'Artibonite, Marmelade, Marmelade, Crête à Pins
Haiti, L'Artibonite, Marmelade, Marmelade, Platon
Haiti, L'Artibonite, Marmelade, Saint Michel de l'Attalaye, Bas de Sault
Haiti, L'Artibonite, Marmelade, Saint Michel de l'Attalaye, Camathe
Haiti, L'Artibonite, Marmelade, Saint Michel de l'Attalaye, Lacedras
Haiti, L'Artibonite, Marmelade, Saint Michel de l'Attalaye, Lalomas
Haiti, L'Artibonite, Marmelade, Saint Michel de l'Attalaye, L'Attalaye
Haiti, L'Artibonite, Marmelade, Saint Michel de l'Attalaye, L'Ermite
Haiti, L'Artibonite, Marmelade, Saint Michel de l'Attalaye, Manon
Haiti, L'Artibonite, Marmelade, Saint Michel de l'Attalaye, Platana
Haiti, L'Artibonite, Saint-Marc, La Chapelle, Bossous
Haiti, L'Artibonite, Saint-Marc, La Chapelle, Martineau
Haiti, L'Artibonite, Saint-Marc, Saint-Marc, Bocozelle
Haiti, L'Artibonite, Saint-Marc, Saint-Marc, Bois Neuf
Haiti, L'Artibonite, Saint-Marc, Saint-Marc, Charrette
Haiti, L'Artibonite, Saint-Marc, Saint-Marc, Délugé
Haiti, L'Artibonite, Saint-Marc, Saint-Marc, Goyavier
Haiti, L'Artibonite, Saint-Marc, Saint-Marc, Lalouère
Haiti, L'Artibonite, Saint-Marc, Verettes, Bastien
Haiti, L'Artibonite, Saint-Marc, Verettes, Bélanger
Haiti, L'Artibonite, Saint-Marc, Verettes, Désarmes
Haiti, L'Artibonite, Saint-Marc, Verettes, Guillaume Mogé
Haiti, L'Artibonite, Saint-Marc, Verettes, Liancourt
Haiti, L'Artibonite, Saint-Marc, Verettes, Terre Natte
Haiti, Nippes, l'Anse-à-Veau, Anse-à-Veau, Arnaud
Haiti, Nippes, l'Anse-à-Veau, Anse-à-Veau, Baconnois
Haiti, Nippes, l'Anse-à-Veau, Anse-à-Veau, Baquet
Haiti, Nippes, l'Anse-à-Veau, Anse-à-Veau, Bouzi
Haiti, Nippes, l'Anse-à-Veau, Anse-à-Veau, Cocoyers
Haiti, Nippes, l'Anse-à-Veau, Anse-à-Veau, Grande Rivière
Haiti, Nippes, l'Anse-à-Veau, Anse-à-Veau, Sault de Baril
Haiti, Nippes, l'Anse-à-Veau, Baraderes, Fonds Tortue
Haiti, Nippes, l'Anse-à-Veau, Baraderes, Gérin
Haiti, Nippes, l'Anse-à-Veau, Baraderes, Grand Boucan
Haiti, Nippes, l'Anse-à-Veau, Baraderes, La Plaine
Haiti, Nippes, l'Anse-à-Veau, Baraderes, Rivière Salée
Haiti, Nippes, l'Anse-à-Veau, Baraderes, Tête d'Eau
Haiti, Nippes, l'Anse-à-Veau, L'Azile, Changeux
Haiti, Nippes, l'Anse-à-Veau, L'Azile, l'Asile
Haiti, Nippes, l'Anse-à-Veau, L'Azile, Morisseau
Haiti, Nippes, l'Anse-à-Veau, L'Azile, Tournade
Haiti, Nippes, l'Anse-à-Veau, Petit Trou de Nippes, Anse à Pins
Haiti, Nippes, l'Anse-à-Veau, Petit Trou de Nippes, Liève
Haiti, Nippes, l'Anse-à-Veau, Petit Trou de Nippes, Plaisance
Haiti, Nippes, l'Anse-à-Veau, Petit Trou de Nippes, Raymond
Haiti, Nippes, l'Anse-à-Veau, Petit Trou de Nippes, Tiby
Haiti, Nippes, l'Anse-à-Veau, Petit Trou de Nippes, Vassale
Haiti, Nippes, Miragoâne, Miragoâne, Belle Rivière
Haiti, Nippes, Miragoâne, Miragoâne, Chalon
Haiti, Nippes, Miragoâne, Miragoâne, Dessources
Haiti, Nippes, Miragoâne, Miragoâne, Fonds des Nègres
Haiti, Nippes, Miragoâne, Miragoâne, Paillant
Haiti, Nippes, Miragoâne, Miragoâne, Pemerle
Haiti, Nippes, Miragoâne, Petite Rivière de Nippes, Bezin
Haiti, Nippes, Miragoâne, Petite Rivière de Nippes, Cholette
Haiti, Nippes, Miragoâne, Petite Rivière de Nippes, Fonds de Lianes
Haiti, Nippes, Miragoâne, Petite Rivière de Nippes, Silegue
Haiti, Nord, Borgne, Borgne, Boucan Michel
Haiti, Nord, Borgne, Borgne, Champagne
Haiti, Nord, Borgne, Borgne, Côte de Fer
Haiti, Nord, Borgne, Borgne, Margot
Haiti, Nord, Borgne, Borgne, Molas
Haiti, Nord, Borgne, Borgne, Petit Bourg du Borgne
Haiti, Nord, Borgne, Borgne, Trou d'Enfer
Haiti, Nord, Borgne, La Victoire, La Victoire
Haiti, Nord, Borgne, Pignon, La Belle Mère
Haiti, Nord, Borgne, Pignon, Savannette
Haiti, Nord, Borgne, Port-Margot, Bas Petit Borgne
Haiti, Nord, Borgne, Port-Margot, Bas Quartier
Haiti, Nord, Borgne, Port-Margot, Bras Gauche
Haiti, Nord, Borgne, Port-Margot, Corail Port Margot
Haiti, Nord, Borgne, Port-Margot, Grande Plaine
Haiti, Nord, Borgne, Port-Margot, Haut Petit Borgne
Haiti, Nord, Borgne, Ranquitte, Bac à Soude
Haiti, Nord, Borgne, Ranquitte, Bois de Lance
Haiti, Nord, Borgne, Ranquitte, Cracaraille
Haiti, Nord, Grande-Rivière du Nord, Bahon, Bally
Haiti, Nord, Grande-Rivière du Nord, Bahon, Bois Pin
Haiti, Nord, Grande-Rivière du Nord, Bahon, Montagne Noire
Haiti, Nord, Grande-Rivière du Nord, Grand Rivière du Nord, Caracol
Haiti, Nord, Grande-Rivière du Nord, Grand Rivière du Nord, Cormiers
Haiti, Nord, Grande-Rivière du Nord, Grand Rivière du Nord, Gambade
Haiti, Nord, Grande-Rivière du Nord, Grand Rivière du Nord, Grand Gilles
Haiti, Nord, Grande-Rivière du Nord, Grand Rivière du Nord, Jolitrou
Haiti, Nord, Grande-Rivière du Nord, Grand Rivière du Nord, Solon
Haiti, Nord, l'Acul-du-Nord, Acul du Nord, Bas de l'Acul
Haiti, Nord, l'Acul-du-Nord, Acul du Nord, Champ Louise
Haiti, Nord, l'Acul-du-Nord, Acul du Nord, Coupe à David
Haiti, Nord, l'Acul-du-Nord, Acul du Nord, Grande Ravine
Haiti, Nord, l'Acul-du-Nord, Acul du Nord, Mornet
Haiti, Nord, l'Acul-du-Nord, Acul du Nord, Soufrière
Haiti, Nord, l'Acul-du-Nord, Milot, Bonnet à l'Evêque
Haiti, Nord, l'Acul-du-Nord, Milot, Génipailler
Haiti, Nord, l'Acul-du-Nord, Milot, Perches du Bonnet
Haiti, Nord, l'Acul-du-Nord, Plaine du Nord, Basse Plaine
Haiti, Nord, l'Acul-du-Nord, Plaine du Nord, Bassin Diamant
Haiti, Nord, l'Acul-du-Nord, Plaine du Nord, Grand Boucan
Haiti, Nord, l'Acul-du-Nord, Plaine du Nord, Morne Rouge
Haiti, Nord, le Cap-Haïtien, Cap-Haïtien, Bande du Nord
Haiti, Nord, le Cap-Haïtien, Cap-Haïtien, Haut du Cap
Haiti, Nord, le Cap-Haïtien, Cap-Haïtien, Petite Anse
Haiti, Nord, le Cap-Haïtien, Limonade, Basse Plaine
Haiti, Nord, le Cap-Haïtien, Limonade, Bois de Lance
Haiti, Nord, le Cap-Haïtien, Limonade, Roucou
Haiti, Nord, le Cap-Haïtien, Quartier Morin, Basse Plaine
Haiti, Nord, le Cap-Haïtien, Quartier Morin, Morne Pelé
Haiti, Nord, le Limbé, Bas Limbé, Garde Champêtre
Haiti, Nord, le Limbé, Bas Limbé, Petit Howars
Haiti, Nord, le Limbé, Limbé, Acul Jeannot
Haiti, Nord, le Limbé, Limbé, Camp Coq
Haiti, Nord, le Limbé, Limbé, Chabotte
Haiti, Nord, le Limbé, Limbé, Ilot à Cornes
Haiti, Nord, le Limbé, Limbé, Ravine Desroches
Haiti, Nord, le Limbé, Limbé, Soufrière
Haiti, Nord, Plaisance, Pilate, Ballon
Haiti, Nord, Plaisance, Pilate, Baudin
Haiti, Nord, Plaisance, Pilate, Dubourgs
Haiti, Nord, Plaisance, Pilate, Joly
Haiti, Nord, Plaisance, Pilate, Margot
Haiti, Nord, Plaisance, Pilate, Piment
Haiti, Nord, Plaisance, Pilate, Ravine Trompette
Haiti, Nord, Plaisance, Pilate, Rivière La Porte
Haiti, Nord, Plaisance, Plaisance, Bassin
Haiti, Nord, Plaisance, Plaisance, Champagne
Haiti, Nord, Plaisance, Plaisance, Colline Gobert
Haiti, Nord, Plaisance, Plaisance, Grande Rivière
Haiti, Nord, Plaisance, Plaisance, La Trouble
Haiti, Nord, Plaisance, Plaisance, La Ville
Haiti, Nord, Plaisance, Plaisance, Mapou
Haiti, Nord, Plaisance, Plaisance, Martineau
Haiti, Nord, Saint-Raphaël, Dondon, Bassin Caiman
Haiti, Nord, Saint-Raphaël, Dondon, Brostage
Haiti, Nord, Saint-Raphaël, Dondon, Haut du Trou
Haiti, Nord, Saint-Raphaël, Dondon, Laguille
Haiti, Nord, Saint-Raphaël, Dondon, Matador
Haiti, Nord, Saint-Raphaël, Saint-Raphaël, Bois Neuf
Haiti, Nord, Saint-Raphaël, Saint-Raphaël, Bouyaha
Haiti, Nord, Saint-Raphaël, Saint-Raphaël, Mathurin
Haiti, Nord, Saint-Raphaël, Saint-Raphaël, San Yago
Haiti, Nord-Est, Fort-Liberté, Fort-Liberté, Bayaha
Haiti, Nord-Est, Fort-Liberté, Fort-Liberté, Dumas
Haiti, Nord-Est, Fort-Liberté, Fort-Liberté, Haut Madelaine
Haiti, Nord-Est, Fort-Liberté, Fort-Liberté, L'Oiseau
Haiti, Nord-Est, Fort-Liberté, Perches, Haut des Perches
Haiti, Nord-Est, Fort-Liberté, Terrier, Bas Maribahoux
Haiti, Nord-Est, le Trou-du-Nord, Caracol, Champin
Haiti, Nord-Est, le Trou-du-Nord, Caracol, Claudine
Haiti, Nord-Est, le Trou-du-Nord, Sainte Suzanne, Bois Blanc
Haiti, Nord-Est, le Trou-du-Nord, Sainte Suzanne, Côtelette
Haiti, Nord-Est, le Trou-du-Nord, Sainte Suzanne, Fond Bleu
Haiti, Nord-Est, le Trou-du-Nord, Sainte Suzanne, Foulon
Haiti, Nord-Est, le Trou-du-Nord, Sainte Suzanne, Moka Neuf
Haiti, Nord-Est, le Trou-du-Nord, Sainte Suzanne, Sarazin
Haiti, Nord-Est, le Trou-du-Nord, Terrier Rouge, Fond Blanc
Haiti, Nord-Est, le Trou-du-Nord, Terrier Rouge, Grand Bassin
Haiti, Nord-Est, le Trou-du-Nord, Trou du Nord, Garcin
Haiti, Nord-Est, le Trou-du-Nord, Trou du Nord, Roche Plate
Haiti, Nord-Est, le Trou-du-Nord, Trou du Nord, Roucou
Haiti, Nord-Est, Ouanaminthe, Capotille, Capotille
Haiti, Nord-Est, Ouanaminthe, Capotille, Lamine
Haiti, Nord-Est, Ouanaminthe, Mont-Organisé, Bois Poux
Haiti, Nord-Est, Ouanaminthe, Mont-Organisé, Savanette
Haiti, Nord-Est, Ouanaminthe, Ouanaminthe, Acul des Pins
Haiti, Nord-Est, Ouanaminthe, Ouanaminthe, Gens de Nantes
Haiti, Nord-Est, Ouanaminthe, Ouanaminthe, Haut Maribahoux
Haiti, Nord-Est, Ouanaminthe, Ouanaminthe, Savane au Lait
Haiti, Nord-Est, Ouanaminthe, Ouanaminthe, Savane Longue
Haiti, Nord-Est, Vallières, Carice, Bois Gamelle
Haiti, Nord-Est, Vallières, Carice, Rose Bonite
Haiti, Nord-Est, Vallières, Mombin Crochu, Bois Laurence
Haiti, Nord-Est, Vallières, Mombin Crochu, Sans Souci
Haiti, Nord-Est, Vallières, Vallières, Corosse
Haiti, Nord-Est, Vallières, Vallières, Grosse Roche
Haiti, Nord-Est, Vallières, Vallières, Trois Palmistes
Haiti, Nord-Ouest, Môle Saint-Nicolas, Baie de Henne, Citerne Rémy
Haiti, Nord-Ouest, Môle Saint-Nicolas, Baie de Henne, Dos d'Ane
Haiti, Nord-Ouest, Môle Saint-Nicolas, Baie de Henne, L'Estère Dérée
Haiti, Nord-Ouest, Môle Saint-Nicolas, Baie de Henne, Réserve
Haiti, Nord-Ouest, Môle Saint-Nicolas, Bombardopolis, Des Forges
Haiti, Nord-Ouest, Môle Saint-Nicolas, Bombardopolis, Plaine d'Orangers
Haiti, Nord-Ouest, Môle Saint-Nicolas, Bombardopolis, Plate Forme
Haiti, Nord-Ouest, Môle Saint-Nicolas, Jean-Rabel, Dessources
Haiti, Nord-Ouest, Môle Saint-Nicolas, Jean-Rabel, Diondion
Haiti, Nord-Ouest, Môle Saint-Nicolas, Jean-Rabel, Grande Source
Haiti, Nord-Ouest, Môle Saint-Nicolas, Jean-Rabel, Guinaudée
Haiti, Nord-Ouest, Môle Saint-Nicolas, Jean-Rabel, La Montagne
Haiti, Nord-Ouest, Môle Saint-Nicolas, Jean-Rabel, Lacoma
Haiti, Nord-Ouest, Môle Saint-Nicolas, Jean-Rabel, Vielle Hatte
Haiti, Nord-Ouest, Môle Saint-Nicolas, Môle Saint Nicholas, Cote de Fer
Haiti, Nord-Ouest, Môle Saint-Nicolas, Môle Saint Nicholas, Damé
Haiti, Nord-Ouest, Môle Saint-Nicolas, Môle Saint Nicholas, Mare Rouge
Haiti, Nord-Ouest, Port-de-Paix, Bassin Bleu, Carreau Datty
Haiti, Nord-Ouest, Port-de-Paix, Bassin Bleu, Haut des Moustiques
Haiti, Nord-Ouest, Port-de-Paix, Bassin Bleu, La Plate
Haiti, Nord-Ouest, Port-de-Paix, Chansolme, Chansolme
Haiti, Nord-Ouest, Port-de-Paix, La Tortue, La Tortue
Haiti, Nord-Ouest, Port-de-Paix, La Tortue, Mare Rouge
Haiti, Nord-Ouest, Port-de-Paix, Port-de-Paix, Aubert
Haiti, Nord-Ouest, Port-de-Paix, Port-de-Paix, Bas des Moustiques
Haiti, Nord-Ouest, Port-de-Paix, Port-de-Paix, Baudin
Haiti, Nord-Ouest, Port-de-Paix, Port-de-Paix, La Corne
Haiti, Nord-Ouest, Port-de-Paix, Port-de-Paix, La Pointe
Haiti, Nord-Ouest, Port-de-Paix, Port-de-Paix, Mahotière
Haiti, Nord-Ouest, Port-de-Paix, Port-de-Paix, Source Beauvoir
Haiti, Nord-Ouest, Saint-Louis du Nord, Anse-à-Foleur, Bas de Sainte Anne
Haiti, Nord-Ouest, Saint-Louis du Nord, Anse-à-Foleur, Cote de Fer
Haiti, Nord-Ouest, Saint-Louis du Nord, Anse-à-Foleur, Mayance
Haiti, Nord-Ouest, Saint-Louis du Nord, Saint Louis du Nord, Bonneau
Haiti, Nord-Ouest, Saint-Louis du Nord, Saint Louis du Nord, Derouvray
Haiti, Nord-Ouest, Saint-Louis du Nord, Saint Louis du Nord, Des Granges
Haiti, Nord-Ouest, Saint-Louis du Nord, Saint Louis du Nord, Lafague
Haiti, Nord-Ouest, Saint-Louis du Nord, Saint Louis du Nord, Rivière de Barre
Haiti, Nord-Ouest, Saint-Louis du Nord, Saint Louis du Nord, Rivière des Nègres
Haiti, Ouest, Croix-des-Bouquets, Cornillon, Boucan Bois Pin
Haiti, Ouest, Croix-des-Bouquets, Cornillon, Génipailler
Haiti, Ouest, Croix-des-Bouquets, Cornillon, Plaine Céleste
Haiti, Ouest, Croix-des-Bouquets, Croix-des Bouquets, Belle Fontaine
Haiti, Ouest, Croix-des-Bouquets, Croix-des Bouquets, Crochus
Haiti, Ouest, Croix-des-Bouquets, Croix-des Bouquets, Orangers
Haiti, Ouest, Croix-des-Bouquets, Croix-des Bouquets, Petit Bois
Haiti, Ouest, Croix-des-Bouquets, Croix-des Bouquets, Varreux
Haiti, Ouest, Croix-des-Bouquets, Fonds-Verettes, Fonds-Verrettes
Haiti, Ouest, Croix-des-Bouquets, Ganthier, Balan
Haiti, Ouest, Croix-des-Bouquets, Ganthier, Fonds Parisien
Haiti, Ouest, Croix-des-Bouquets, Ganthier, Galette Chambon
Haiti, Ouest, Croix-des-Bouquets, Ganthier, Mare Roseaux
Haiti, Ouest, Croix-des-Bouquets, Ganthier, Pays Pourri
Haiti, Ouest, Croix-des-Bouquets, Thomazeau, Crochus
Haiti, Ouest, Croix-des-Bouquets, Thomazeau, Grande Plaine
Haiti, Ouest, Croix-des-Bouquets, Thomazeau, Trou d'Eau
Haiti, Ouest, La Gonâve, Anse-à-Galets, Grand Lagon
Haiti, Ouest, La Gonâve, Anse-à-Galets, Grande Source
Haiti, Ouest, La Gonâve, Anse-à-Galets, Palma
Haiti, Ouest, La Gonâve, Anse-à-Galets, Petite Anse
Haiti, Ouest, La Gonâve, Anse-à-Galets, Petite Source
Haiti, Ouest, La Gonâve, Anse-à-Galets, Picmy
Haiti, Ouest, La Gonâve, Pointe-à-Raquette, Gros Mangle
Haiti, Ouest, La Gonâve, Pointe-à-Raquette, La Source
Haiti, Ouest, La Gonâve, Pointe-à-Raquette, Pointe a Raquette
Haiti, Ouest, La Gonâve, Pointe-à-Raquette, Pointe à Raquette
Haiti, Ouest, La Gonâve, Pointe-à-Raquette, Trou Louis
Haiti, Ouest, l'Arcahaie, Arcahaie, Délices
Haiti, Ouest, l'Arcahaie, Arcahaie, Des Matheux
Haiti, Ouest, l'Arcahaie, Arcahaie, Des Vases
Haiti, Ouest, l'Arcahaie, Arcahaie, Fonds Baptiste
Haiti, Ouest, l'Arcahaie, Arcahaie, Montrouis
Haiti, Ouest, l'Arcahaie, Cabaret, Boucassin
Haiti, Ouest, l'Arcahaie, Cabaret, Fonds des Blancs
Haiti, Ouest, l'Arcahaie, Cabaret, Source Matelas
Haiti, Ouest, Léogâne, Grand-Goâve, Gérard
Haiti, Ouest, Léogâne, Grand-Goâve, Grande Colline
Haiti, Ouest, Léogâne, Grand-Goâve, Moussambe
Haiti, Ouest, Léogâne, Grand-Goâve, Tête à Boeuf
Haiti, Ouest, Léogâne, Léogâne, Beauséjour
Haiti, Ouest, Léogâne, Léogâne, Citronier
Haiti, Ouest, Léogâne, Léogâne, Cormiers
Haiti, Ouest, Léogâne, Léogâne, Dessources
Haiti, Ouest, Léogâne, Léogâne, Fond-De-Boudin
Haiti, Ouest, Léogâne, Léogâne, Fonds d'Oie
Haiti, Ouest, Léogâne, Léogâne, Grande Rivière
Haiti, Ouest, Léogâne, Léogâne, Gros Morne
Haiti, Ouest, Léogâne, Léogâne, Oranger
Haiti, Ouest, Léogâne, Léogâne, Palmiste à Vins
Haiti, Ouest, Léogâne, Léogâne, Parques
Haiti, Ouest, Léogâne, Léogâne, Petit Harpon
Haiti, Ouest, Léogâne, Léogâne, Petite Rivière
Haiti, Ouest, Léogâne, Petit-Goâve, Bino
Haiti, Ouest, Léogâne, Petit-Goâve, Delatre
Haiti, Ouest, Léogâne, Petit-Goâve, Des Fouques
Haiti, Ouest, Léogâne, Petit-Goâve, Des Palmes
Haiti, Ouest, Léogâne, Petit-Goâve, Des Platons
Haiti, Ouest, Léogâne, Petit-Goâve, Fonds Arabie
Haiti, Ouest, Léogâne, Petit-Goâve, Ravine Sèche
Haiti, Ouest, Léogâne, Petit-Goâve, Trou Canari
Haiti, Ouest, Léogâne, Petit-Goâve, Trou Chouchou
Haiti, Ouest, Port-au-Prince, Carrefour, Berly
Haiti, Ouest, Port-au-Prince, Carrefour, Bizoton
Haiti, Ouest, Port-au-Prince, Carrefour, Bouvier
Haiti, Ouest, Port-au-Prince, Carrefour, Corail Thor
Haiti, Ouest, Port-au-Prince, Carrefour, Coupeau
Haiti, Ouest, Port-au-Prince, Carrefour, Lavalle
Haiti, Ouest, Port-au-Prince, Carrefour, Malanga
Haiti, Ouest, Port-au-Prince, Carrefour, Morne Chandelle
Haiti, Ouest, Port-au-Prince, Carrefour, Platon Dufréné
Haiti, Ouest, Port-au-Prince, Carrefour, Procy
Haiti, Ouest, Port-au-Prince, Carrefour, Rivière Froide
Haiti, Ouest, Port-au-Prince, Carrefour, Taïfer
Haiti, Ouest, Port-au-Prince, Carrefour, Thor
Haiti, Ouest, Port-au-Prince, Delmas, Bellevue
Haiti, Ouest, Port-au-Prince, Delmas, Saint Martin
Haiti, Ouest, Port-au-Prince, Delmas, Varreux
Haiti, Ouest, Port-au-Prince, Grenier, Morne à Bateau
Haiti, Ouest, Port-au-Prince, Grenier, Morne Chandelle
Haiti, Ouest, Port-au-Prince, Grenier, Petit Boucan
Haiti, Ouest, Port-au-Prince, Kenscoff, Belle Fontaine
Haiti, Ouest, Port-au-Prince, Kenscoff, Bongars
Haiti, Ouest, Port-au-Prince, Kenscoff, Grand Fond
Haiti, Ouest, Port-au-Prince, Kenscoff, Nouvelle Tourraine
Haiti, Ouest, Port-au-Prince, Kenscoff, Sourcailles
Haiti, Ouest, Port-au-Prince, Pétion-Ville, Aux Cadets
Haiti, Ouest, Port-au-Prince, Pétion-Ville, Bellevue Chardonnieres
Haiti, Ouest, Port-au-Prince, Pétion-Ville, Bellevue La Montagne
Haiti, Ouest, Port-au-Prince, Pétion-Ville, Etang du Jong
Haiti, Ouest, Port-au-Prince, Pétion-Ville, Montagne Noire
Haiti, Ouest, Port-au-Prince, Port-au-Prince, Martissant
Haiti, Ouest, Port-au-Prince, Port-au-Prince, Morne l'Hopital
Haiti, Ouest, Port-au-Prince, Port-au-Prince, Turgeau
Haiti, Sud, Aquin, Aquin, Bellevue
Haiti, Sud, Aquin, Aquin, Brodequin
Haiti, Sud, Aquin, Aquin, Colline à Mongons
Haiti, Sud, Aquin, Aquin, Flamands
Haiti, Sud, Aquin, Aquin, Fonds des Blancs
Haiti, Sud, Aquin, Aquin, Frangipane
Haiti, Sud, Aquin, Aquin, Guirand
Haiti, Sud, Aquin, Aquin, La Colline
Haiti, Sud, Aquin, Aquin, Macéan
Haiti, Sud, Aquin, Aquin, Mare à Coiffe
Haiti, Sud, Aquin, Cavaillon, Boileau
Haiti, Sud, Aquin, Cavaillon, Gros Marin
Haiti, Sud, Aquin, Cavaillon, Laroque
Haiti, Sud, Aquin, Cavaillon, Mare Henri
Haiti, Sud, Aquin, Cavaillon, Martineau
Haiti, Sud, Aquin, Saint-Jean du Sud, Baie Dumesle
Haiti, Sud, Aquin, Saint-Jean du Sud, Cherette
Haiti, Sud, Aquin, Saint-Jean du Sud, Sucrerie-Henry
Haiti, Sud, Aquin, Saint-Louis du Sud, Corail-Henry
Haiti, Sud, Aquin, Saint-Louis du Sud, Grands Fonds
Haiti, Sud, Aquin, Saint-Louis du Sud, Grenodière
Haiti, Sud, Aquin, Saint-Louis du Sud, Solon
Haiti, Sud, Aquin, Saint-Louis du Sud, Zanglais
Haiti, Sud, les Cayes, Camp Perrin, Champlois
Haiti, Sud, les Cayes, Camp Perrin, Lévy Mersan
Haiti, Sud, les Cayes, Camp Perrin, Tibi Davezac
Haiti, Sud, les Cayes, Chantal, Carrefour Canon
Haiti, Sud, les Cayes, Chantal, Fonds Palmiste
Haiti, Sud, les Cayes, Chantal, Melonière
Haiti, Sud, les Cayes, Ile à Vache, Ile à Vache
Haiti, Sud, les Cayes, Les Cayes, Boulmier
Haiti, Sud, les Cayes, Les Cayes, Bourdet
Haiti, Sud, les Cayes, Les Cayes, Dory
Haiti, Sud, les Cayes, Les Cayes, Fonfrède
Haiti, Sud, les Cayes, Les Cayes, Laborde
Haiti, Sud, les Cayes, Les Cayes, Laurent
Haiti, Sud, les Cayes, Les Cayes, Melon
Haiti, Sud, les Cayes, Les Cayes, Mercy
Haiti, Sud, les Cayes, Maniche, Maniche
Haiti, Sud, les Cayes, Torbeck, Bérreault
Haiti, Sud, les Cayes, Torbeck, Bourry
Haiti, Sud, les Cayes, Torbeck, Moreau
Haiti, Sud, les Cayes, Torbeck, Solon
Haiti, Sud, les Chardonnières, Chardonnières, Bony
Haiti, Sud, les Chardonnières, Chardonnières, Déjoie
Haiti, Sud, les Chardonnières, Chardonnières, Randel
Haiti, Sud, les Chardonnières, Les Anglais, Cosse
Haiti, Sud, les Chardonnières, Les Anglais, Edelin
Haiti, Sud, les Chardonnières, Les Anglais, Vérone
Haiti, Sud, les Chardonnières, Tiburon, Blacktote
Haiti, Sud, les Chardonnières, Tiburon, Dalmette
Haiti, Sud, les Chardonnières, Tiburon, Loby
Haiti, Sud, les Chardonnières, Tiburon, Nan Sevré
Haiti, Sud, les Côteaux, Côteaux, Condé
Haiti, Sud, les Côteaux, Côteaux, Des Pas
Haiti, Sud, les Côteaux, Côteaux, Quentin
Haiti, Sud, les Côteaux, Port-A-Piment, Balais
Haiti, Sud, les Côteaux, Port-A-Piment, Paricot
Haiti, Sud, les Côteaux, Roche-à-Bateau, Beauclos
Haiti, Sud, les Côteaux, Roche-à-Bateau, Beaulieu
Haiti, Sud, les Côteaux, Roche-à-Bateau, Renaudin
Haiti, Sud, Port-Salut, Arniquet, Arniquet
Haiti, Sud, Port-Salut, Port-Salut, Anse à Drick
Haiti, Sud, Port-Salut, Port-Salut, Barbois
Haiti, Sud, Port-Salut, Port-Salut, Dumont
Haiti, Sud, Port-Salut, Port-Salut, Lazarre
Haiti, Sud, Port-Salut, Saint-Jean du Sud, Débouchette
Haiti, Sud, Port-Salut, Saint-Jean du Sud, Tapion
Haiti, Sud, Port-Salut, Saint-Jean du Sud, Trichet
Haiti, Sud-Est, Bainet, Bainet, Bas de Grandou
Haiti, Sud-Est, Bainet, Bainet, Bas de Gris-Gris
Haiti, Sud-Est, Bainet, Bainet, Bas de La Croix
Haiti, Sud-Est, Bainet, Bainet, Bras Gauche
Haiti, Sud-Est, Bainet, Bainet, Brésilienne
Haiti, Sud-Est, Bainet, Bainet, Haut Grandou
Haiti, Sud-Est, Bainet, Bainet, La Vallée
Haiti, Sud-Est, Bainet, Bainet, Oranger
Haiti, Sud-Est, Bainet, Bainet, Trou Mahot
Haiti, Sud-Est, Bainet, Côtes-de-Fer, Amazone
Haiti, Sud-Est, Bainet, Côtes-de-Fer, Boucan Bélier
Haiti, Sud-Est, Bainet, Côtes-de-Fer, Bras Gauche
Haiti, Sud-Est, Bainet, Côtes-de-Fer, Gris-Gris
Haiti, Sud-Est, Bainet, Côtes-de-Fer, Jamais Vu
Haiti, Sud-Est, Bainet, Côtes-de-Fer, La Biche
Haiti, Sud-Est, Belle-Anse, Anse-à-Pitre, Bois d'Orme
Haiti, Sud-Est, Belle-Anse, Anse-à-Pitre, Boucan Guillaume
Haiti, Sud-Est, Belle-Anse, Belle-Anse, Bais d'Orange
Haiti, Sud-Est, Belle-Anse, Belle-Anse, Belair
Haiti, Sud-Est, Belle-Anse, Belle-Anse, Calumette
Haiti, Sud-Est, Belle-Anse, Belle-Anse, Corail Lamothe
Haiti, Sud-Est, Belle-Anse, Belle-Anse, Mabriole
Haiti, Sud-Est, Belle-Anse, Belle-Anse, Mapou
Haiti, Sud-Est, Belle-Anse, Belle-Anse, Pichon
Haiti, Sud-Est, Belle-Anse, Grand Gosier, Colline des Chènes
Haiti, Sud-Est, Belle-Anse, Thiotte, Pot de Chambre
Haiti, Sud-Est, Belle-Anse, Thiotte, Thiotte
Haiti, Sud-Est, Jacmel, Cayes Jacmel, Ravine Normande
Haiti, Sud-Est, Jacmel, Cayes-Jacmel, Gaillard
Haiti, Sud-Est, Jacmel, Cayes-Jacmel, Haut Cap-Rouge
Haiti, Sud-Est, Jacmel, Jacmel, Bas Cap-Rouge
Haiti, Sud-Est, Jacmel, Jacmel, Bas Coq Chante
Haiti, Sud-Est, Jacmel, Jacmel, Cochon Gras
Haiti, Sud-Est, Jacmel, Jacmel, Fond Melon
Haiti, Sud-Est, Jacmel, Jacmel, Grande Rivière de Jacmel
Haiti, Sud-Est, Jacmel, Jacmel, Haut Coq Chante
Haiti, Sud-Est, Jacmel, Jacmel, La Gosseline
Haiti, Sud-Est, Jacmel, Jacmel, La Montagne
Haiti, Sud-Est, Jacmel, Jacmel, La Vanneau
Haiti, Sud-Est, Jacmel, Jacmel, Marbial
Haiti, Sud-Est, Jacmel, Jacmel, Montagne La Voute
Haiti, Sud-Est, Jacmel, Jacmel, Morne à Bruler
Haiti, Sud-Est, Jacmel, Marigot, Corail Soult
Haiti, Sud-Est, Jacmel, Marigot, Fond Jean-Noel
Haiti, Sud-Est, Jacmel, Marigot, Grande Rivière Fesle
Haiti, Sud-Est, Jacmel, Marigot, Macary
Haiti, Sud-Est, Jacmel, Marigot, Savane Dubois
